{"global_step": 4162, "_timestamp": 1710171741.8521972, "rollout/success_rate": 0.0, "time/fps": 1.0, "_runtime": 2354.04026222229, "_step": 43, "eval/mean_ep_length": 8.420000076293945, "eval/mean_reward": 6643.5615234375, "eval/success_rate": 0.0, "train/actor_loss": -9550.2109375, "train/critic_loss": 664590.6875, "train/ent_coef": 1.7208359241485596, "train/ent_coef_loss": -2.5852065086364746, "train/learning_rate": 0.0003000000142492354, "_wandb": {"runtime": 2404}}