{"global_step": 87116, "_timestamp": 1709950399.2839403, "rollout/success_rate": 0.0, "time/fps": 3.0, "_runtime": 28380.596954345703, "_step": 1158, "eval/mean_ep_length": 8.0, "eval/mean_reward": -8.029366493225098, "eval/success_rate": 0.0, "train/actor_loss": 17.65227699279785, "train/critic_loss": 0.6857858300209045, "train/ent_coef": 0.018348371610045433, "train/ent_coef_loss": -0.45109784603118896, "train/learning_rate": 0.0003000000142492354, "_wandb": {"runtime": 28397}}