{"global_step": 15176, "_timestamp": 1710240019.9083092, "rollout/success_rate": 0.019999999552965164, "time/fps": 2.0, "_runtime": 5194.628851175308, "_step": 212, "eval/mean_ep_length": 4.599999904632568, "eval/mean_reward": -21.600557327270508, "eval/success_rate": 0.0, "train/actor_loss": 18.255489349365234, "train/critic_loss": 3.3233718872070312, "train/ent_coef": 0.03162644803524017, "train/ent_coef_loss": -3.753641128540039, "train/learning_rate": 0.0003000000142492354, "_wandb": {"runtime": 5194}}