{"global_step": 1954, "_timestamp": 1710180885.9019063, "rollout/success_rate": 0.0, "time/fps": 1.0, "_runtime": 1128.6883232593536, "_step": 22, "_wandb": {"runtime": 1151}}