{"global_step": 19212, "_timestamp": 1710681465.6263673, "rollout/success_rate": 0.4099999964237213, "time/fps": 5.0, "_runtime": 3803.2651612758636, "_step": 79, "eval/mean_ep_length": 55.400001525878906, "eval/mean_reward": -94.89820098876953, "eval/success_rate": 0.41999998688697815, "train/actor_loss": -12.068578720092773, "train/critic_loss": 127.6754379272461, "train/ent_coef": 0.19181941449642181, "train/ent_coef_loss": -5.442323207855225, "train/learning_rate": 9.999999747378752e-05, "_wandb": {"runtime": 3881}}