{"global_step": 150, "_timestamp": 1709921954.9051895, "rollout/success_rate": 0.0, "time/fps": 2.0, "_runtime": 52.20082759857178, "_step": 1, "_wandb": {"runtime": 82}}