{"global_step": 228, "_timestamp": 1711959892.6560993, "rollout/success_rate": 0.0, "time/fps": 3.0, "_runtime": 72.66601538658142, "_step": 2, "_wandb": {"runtime": 92}}