{"global_step": 153964, "_timestamp": 1710676664.5775492, "rollout/success_rate": 0.14000000059604645, "time/fps": 4.0, "_runtime": 34511.89106822014, "_step": 2102, "eval/mean_ep_length": 7.639999866485596, "eval/mean_reward": -6.2641730308532715, "eval/success_rate": 0.11999999731779099, "train/actor_loss": -0.8413124084472656, "train/critic_loss": 3.9106292724609375, "train/ent_coef": 0.048339277505874634, "train/ent_coef_loss": 0.0812339186668396, "train/learning_rate": 0.0003000000142492354, "_wandb": {"runtime": 34519}}