{"global_step": 135360, "_timestamp": 1710714973.7728646, "rollout/success_rate": 0.1599999964237213, "time/fps": 4.0, "_runtime": 31193.911803483963, "_step": 1850, "eval/mean_ep_length": 7.760000228881836, "eval/mean_reward": -5.880401134490967, "eval/success_rate": 0.07999999821186066, "train/actor_loss": -2.7879278659820557, "train/critic_loss": 3.907172918319702, "train/ent_coef": 0.050311069935560226, "train/ent_coef_loss": -0.2715695798397064, "train/learning_rate": 9.999999747378752e-05}