{"global_step": 2273, "_timestamp": 1710169293.9293983, "rollout/success_rate": 0.0, "time/fps": 1.0, "train/actor_loss": -6937.76904296875, "train/critic_loss": 649200.6875, "train/ent_coef": 1.9017269611358643, "train/ent_coef_loss": -4.3006744384765625, "train/learning_rate": 0.0003000000142492354, "_runtime": 1621.744948387146, "_step": 45, "eval/mean_ep_length": 4.440000057220459, "eval/mean_reward": 3676.140380859375, "eval/success_rate": 0.0, "_wandb": {"runtime": 1624}}