{"global_step": 1036, "_timestamp": 1710930774.8474593, "rollout/success_rate": 0.009999999776482582, "time/fps": 0.0, "_runtime": 6210.078942298889, "_step": 22}