{"global_step": 800, "_timestamp": 1710182167.8977752, "rollout/success_rate": 0.0, "time/fps": 0.0, "_runtime": 967.2201721668243, "_step": 12, "eval/mean_ep_length": 9.133333206176758, "eval/mean_reward": -319.71612548828125, "eval/success_rate": 0.0, "train/actor_loss": 65.17559814453125, "train/critic_loss": 5665.18701171875, "train/ent_coef": 0.8460226655006409, "train/ent_coef_loss": -0.632378101348877, "train/learning_rate": 0.0003000000142492354}