{"global_step": 13920, "_timestamp": 1710491167.3123379, "rollout/success_rate": 0.07999999821186066, "time/fps": 2.0, "_runtime": 4764.9960877895355, "_step": 185, "eval/mean_ep_length": 7.880000114440918, "eval/mean_reward": -7.6787872314453125, "eval/success_rate": 0.019999999552965164, "train/actor_loss": 20.621564865112305, "train/critic_loss": 1.543280839920044, "train/ent_coef": 0.03714064136147499, "train/ent_coef_loss": -4.544992446899414, "train/learning_rate": 0.0003000000142492354, "_wandb": {"runtime": 4844}}