{"global_step": 1495, "_timestamp": 1710492811.7289608, "rollout/success_rate": 0.0, "time/fps": 1.0, "train/actor_loss": 145.0902099609375, "train/critic_loss": 10411.671875, "train/ent_coef": 0.6698434352874756, "train/ent_coef_loss": -1.230151653289795, "train/learning_rate": 0.0003000000142492354, "_runtime": 1463.1153976917267, "_step": 24, "eval/mean_ep_length": 10.0, "eval/mean_reward": -43.965396881103516, "eval/success_rate": 0.0, "_wandb": {"runtime": 1468}}