{"global_step": 7644, "_timestamp": 1710909682.5971365, "rollout/success_rate": 0.019999999552965164, "time/fps": 3.0, "_runtime": 2536.610473394394, "_step": 165, "eval/mean_ep_length": 8.0, "eval/mean_reward": -8.248370170593262, "eval/success_rate": 0.0, "train/actor_loss": -6.7051825523376465, "train/critic_loss": 2.4974567890167236, "train/ent_coef": 0.5729637145996094, "train/ent_coef_loss": -2.577611207962036, "train/learning_rate": 9.999999747378752e-05, "_wandb": {"runtime": 2536}}