{"global_step": 42564, "_timestamp": 1710924184.8260603, "rollout/success_rate": 0.05000000074505806, "time/fps": 2.0, "_runtime": 14297.891783237457, "_step": 945, "eval/mean_ep_length": 7.679999828338623, "eval/mean_reward": -5.557819366455078, "eval/success_rate": 0.18000000715255737, "train/actor_loss": -1.7792881727218628, "train/critic_loss": 3.247316598892212, "train/ent_coef": 0.04822472110390663, "train/ent_coef_loss": -0.2766539752483368, "train/learning_rate": 9.999999747378752e-05}