{"global_step": 172000, "_timestamp": 1710630189.3987076, "rollout/success_rate": 0.15000000596046448, "time/fps": 4.0, "_runtime": 42416.428535699844, "_step": 2351, "eval/mean_ep_length": 7.5, "eval/mean_reward": -4.8027801513671875, "eval/success_rate": 0.2199999988079071, "train/actor_loss": -2.618590831756592, "train/critic_loss": 3.331887722015381, "train/ent_coef": 0.040124766528606415, "train/ent_coef_loss": -0.3766757547855377, "train/learning_rate": 0.0003000000142492354, "_wandb": {"runtime": 42415}}