{"global_step": 4092, "_timestamp": 1710176621.0148633, "rollout/success_rate": 0.0, "time/fps": 1.0, "_runtime": 2761.511464357376, "_step": 56, "eval/mean_ep_length": 4.400000095367432, "eval/mean_reward": 5202.8916015625, "eval/success_rate": 0.0, "train/actor_loss": -4296.7939453125, "train/critic_loss": 2336941.5, "train/learning_rate": 0.0003000000142492354, "_wandb": {"runtime": 2826}}